list,n_ts,n_serie,r2,h,tension,u,cl0
1,1,1,0.5039968175278473,350.3177587546673,19283.282924451374,0.9581605926701262,0.005546471167606932
1,1,2,0.3894794700387868,391.9557275298072,19437.786531223857,0.956468976718041,0.005696468976718041
1,3,1,0.3483002090895091,154.13888234218044,24648.402035462612,0.9601736093389723,2.2854246968192937
1,6,1,0.5433105184939354,310.2735358291234,11686.962012140557,0.953624938120232,0.6
1,6,2,0.5423614376958223,310.39574951282356,11668.56584575358,0.9538461083727273,0.6
1,6,3,0.5432682581389057,310.08561248429135,11663.384098943847,0.9536402206390567,0.6
